ip_1164|Dummy first line
ip_morale|士 气 /恐 惧
ip_morale_text|战 剑 征 服 士 气 说 明：^^善 用 能 够 引 发 恐 惧 的 法 术 与 效 果，往 往 足 以 扭 转 战 局。^^某 些 单 位 会 令 敌 人 恐 惧，使 其 士 气 更 快 瓦 解。^^亡 灵、恶 魔 等 部 队 不 会 在 战 斗 中 溃 逃。
ip_economy|工 坊
ip_economy_text|战 剑 征 服 经 济 说 明：^^建 造 过 多 相 同 类 型 的 工 坊，会 让 对 应 商 品 充 斥 市 场，进 而 压 低 工 坊 利 润。
ip_courtship|婚 姻
ip_courtship_text|战 剑 征 服 婚 姻 说 明：^^婚 姻 并 非 本 模 组 重 点 支 持 的 功 能，但 仍 有 可 能 达 成。^^酒 馆 诗 人 已 经 移 除。
ip_politics|招 募 领 主
ip_politics_text|玩 家 只 能 招 募 与 自 身 种 族 或 文 化 相 同、且 关 系 良 好 的 领 主。此 外，还 需 要 较 高 的 声 望，以 及 足 够 的 荣 誉 或 恶 名；传 奇 领 主 尤 其 难 以 招 募。^^向 同 伴 授 予 封 地，可 以 将 其 册 封 为 领 主。
ip_military_campaigns|派 系 与 种 族 限 制
ip_military_campaigns_text|在 战 剑 世 界 中，许 多 事 务 会 受 到 种 族 或 文 化 限 制，例 如：^-哪 些 领 主 能 够 被 招 入 你 自 己 的 王 国。^-若 与 相 应 派 系 或 领 主 关 系 不 佳，便 无 法 招 募 其 他 文 化 的 村 民。^-不 同 同 伴 的 雇 佣 费 用 会 有 所 增 减。^-领 主 与 派 系 对 你 的 初 始 态 度。^-你 能 够 使 用 的 装 备。^-你 能 够 学 习 的 魔 法 学 派（如 适 用）。^-其 他 特 殊 机 制，例 如 矮 人 符 文 铁 匠、蜥 人 神 殿 或 恐 虐 混 沌 印 记。^-白 昼 潜 入 城 堡 或 城 镇。^^各 派 系 还 被 划 分 为 若 干 文 化 群 体；同 一 文 化 群 体 在 部 分 领 域 不 受 限 制。例 如，矮 人 可 以 招 募 人 类 村 民。
ip_combat_skills|特 殊 战 斗 能 力
ip_combat_skills_text|特 殊 战 斗 能 力 是《战 剑 征 服》特 有 的 战 斗 机 制。多 数 能 力 可 以 向 竞 技 场 大 师 支 付 金 币 学 习，价 格 会 因 种 族 而 异。^^闪 避：有 几 率 完 全 避 开 攻 击，不 受 任 何 伤 害。闪 避 几 率 取 决 于 跑 动、敏 捷，以 及 力 量 与 负 重 的 比 例。敏 捷 越 高，可 闪 避 的 远 程 武 器 种 类 越 多；玩 家 的 武 器 掌 握 还 可 降 低 敌 方 闪 避 几 率。^^无 视 痛 苦：根 据 铁 骨 等 级 吸 收 伤 害。基 础、进 阶 和 大 师 级 无 视 痛 苦 每 点 铁 骨 分 别 吸 收 4%、6%和 8%的 伤 害。^^强 力 一 击：近 战 命 中 后 有 几 率 造 成 额 外 伤 害，伤 害 加 成 取 决 于 强 击 等 级。^^守 护 豁 免：受 到 攻 击 时 进 行 D6检 定；结 果 达 到 或 高 于 守 护 豁 免 值 时，完 全 免 受 该 次 攻 击。可 向 光 明 使 者 赛 勒 斯 购 买，初 始 为 6+，通 常 最 高 可 购 买 至 4+；部 分 法 术 和 魔 法 物 品 还 能 提 供 更 高 等 级。^^再 生：随 时 间 恢 复 生 命 值。蜥 人 可 在 守 护 者 神 殿 购 买，兽 人 可 从 光 明 使 者 赛 勒 斯 处 购 买 巨 魔 皮 护 甲；拥 有 再 生 的 单 位 会 受 到 额 外 火 焰 伤 害。^^灵 体：提 供 6+物 理 豁 免。可 通 过 不 稳 定 药 水 获 得；吸 血 鬼 施 法 者 也 可 借 助 灵 体 法 术 获 得。^^魔 法 抗 性：遭 受 有 害 魔 法 时 进 行 D6检 定；结 果 达 到 或 高 于 魔 法 抗 性 值 时，完 全 不 受 该 魔 法 效 果 影 响。6+、5+、4+分 别 约 为 16%、33%、50%几 率，最 高 可 达 2+。^^永 不 溃 败：拥 有 此 特 性 的 部 队 不 会 在 战 斗 中 溃 逃，也 不 会 因 士 气 低 落 而 逃 离 队 伍。
ip_magic|魔 法 
ip_magic_text|学 习 魔 法 至 少 需 要 1点 魔 法 控 制；矮 人 进 入 符 文 锻 造 或 守 护 者 神 殿 则 需 要 500声 望。达 到 条 件 后，前 往 能 够 教 授 目 标 学 派 的 派 系 城 镇；部 分 派 系 与 学 派 还 受 种 族 或 性 别 限 制。^^拥 有 至 少 1点 魔 法 控 制 并 到 访 相 应 城 镇 后，城 镇 菜 单 顶 部 会 出 现 魔 法 行 会。你 可 在 那 里 了 解 能 够 学 习 的 学 派、学 派 法 术 与 学 派 特 性，并 在 选 择 学 派 后 提 高 魔 法 抗 性、购 买 法 术 和 相 关 物 品。^^更 详 尽 的 说 明 可 在 各 魔 法 学 派 菜 单 或 战 剑 征 服 Wiki中 查 阅。
ip_hotkeys|热 键 
ip_hotkeys_text|重 要 按 键：^B = 向 上 滚 动 法 术 ^V = 向 下 滚 动 法 术 ^N = 魔 法 信 息 键（仅 部 分 法 术 可 用）^M = 集 中 意 志 力 ^U = 以 消 耗 更 多 法 力 为 代 价，绕 过 负 重 施 法 ^^K = 向 上 滚 动 药 水 ^J = 向 下 滚 动 药 水 ^H = 饮 用 当 前 选 中 药 水 ^^Backspace = 战 斗 中 打 开 小 地 图 ^X = 切 换 特 定 武 器 的 模 式 ^^Alt = 非 战 斗 状 态 下 冲 刺 ^^^部 队 管 理 快 捷 键：^1) 带 走 队 伍 可 容 纳 的 所 有 俘 虏 – 选 中 [最 上 方 ]的 俘 虏 堆，按 住 左 Ctrl键 和 A键，点 击“捕 获”（Ctrl+A为 常 用 全 选 组 合 键）。^2) 带 走 队 伍 可 容 纳 的 所 有 士 兵 – 选 中 [最 上 方 ]的 士 兵 堆，按 住 左 Ctrl键 和 S键，点 击“雇 佣”（S代 表 保 存）。^3) 将 所 有 俘 虏 放 入 驻 军 – 选 中 [任 意 ]一 个 俘 虏 堆，按 住 左 Ctrl键 和 D键，点 击“给 予”。^4) 从 驻 军 带 走 队 伍 可 容 纳 的 所 有 俘 虏 – 选 中 [任 意 ]一 个 俘 虏 堆，按 住 左 Ctrl键 和 A键，点 击“拿 走”。^5) 将 所 有 士 兵 放 入 驻 军 – 选 中 [任 意 ]一 个 士 兵 堆，按 住 右 Ctrl键 和 向 左 箭 头 键，点 击“给 予”（向 左 箭 头 指 示 方 向—— 从 屏 幕 右 侧 到 左 侧）。^6) 从 驻 军 带 走 队 伍 可 容 纳 的 所 有 士 兵 – 选 中 [任 意 ]一 个 士 兵 堆，按 住 右 Ctrl键 和 向 右 箭 头 键，点 击“拿 走”（向 右 箭 头 指 示 方 向—— 从 屏 幕 左 侧 到 右 侧）。^7) 在 驻 军 内 部 将 一 堆 士 兵 向 下 移 动 1位 – 选 中 特 定 士 兵 堆，按 住 向 下 箭 头 键，点 击“拿 走”。^8) 在 驻 军 内 部 将 一 堆 士 兵 向 上 移 动 1位 – 选 中 特 定 士 兵 堆，按 住 向 上 箭 头 键，点 击“拿 走”。^9) 将 一 堆 士 兵 移 动 到 驻 军 顶 部 – 选 中 特 定 士 兵 堆，按 住 Page Up键，点 击“拿 走”。^10) 将 一 堆 士 兵 移 动 到 驻 军 底 部 – 选 中 特 定 士 兵 堆，按 住 Page Down键，点 击“拿 走”。^注 意：若 堆 中 仅 有 1名 士 兵，则 操 作 7-10无 效。^^点 击 转 移 按 钮 时，使 用 Shift键 可 一 次 转 移 10个 单 位，使 用 Ctrl键 可 一 次 转 移 整 队。
ip_prebattle|战 前 部 署 
ip_prebattle_text|精 通 战 术 的 指 挥 官 在 进 入 战 斗 时 拥 有 更 多 选 择。其 不 仅 可 下 令 冲 锋，还 可 选 择 率 领 部 队 进 入 战 斗（全 体 开 始 跟 随）或 仅 进 入 战 场（全 体 开 始 固 守）。^^受 过 更 多 战 术 训 练 的 指 挥 官 可 制 定 战 前 计 划，向 各 分 队 长 下 达 一 系 列 复 杂 指 令，以 便 战 斗 开 始 时 执 行。这 些 指 挥 官 还 可 告 知 队 长 哪 些 部 队 应 在 第 一 波 进 攻，从 而 选 择 战 斗 开 始 时 部 署 的 部 队 与 作 为 援 军 的 部 队。这 些 计 划 在 各 场 战 斗 间 会 被 记 忆，但 相 关 指 令 仍 需 在 每 场 战 斗 前 下 达 给 各 分 队 长。^^有 时，将 队 伍 分 为 标 准 步 兵、弓 箭 手 和 骑 兵 三 个 分 队 之 外 的 其 他 分 队 更 有 帮 助。在 检 视 部 队 时，可 将 不 同 类 型 的 士 兵 分 配 到 额 外 组 别 并 为 其 命 名。此 外，在 与 营 地 中 的 队 长 商 议 后，同 类 部 队 可 拆 分 为 次 级 分 队，从 而 让 优 秀 指 挥 官 可 能 拥 有 两 支 用 于 侧 翼 机 动 的 重 骑 兵 或 步 兵 分 队。这 类 分 配 将 在 多 场 战 斗 中 持 续 有 效，直 至 对 部 队 队 长 作 出 其 他 指 示。
ip_tactics|战 术 
ip_tactics_text|战 斗 中，高 效 的 指 挥 官 会 向 麾 下 部 队 下 达 清 晰 指 令 以 引 导 胜 利。随 着 战 争 持 续，更 高 级 的 指 令 和 战 术 已 被 开 发 并 更 广 泛 地 用 于 战 场 指 挥。例 如，在 基 础 层 面，指 挥 官 可 命 令 其 部 队 分 队 使 用 特 定 武 器 类 型（单 手、双 手、长 柄 武 器 或 远 程），以 及 是 否 使 用 盾 牌，而 非 将 这 些 决 定 权 留 给 士 兵 个 人。（此 外，除 非 在 模 组 选 项 中 另 有 说 明，所 有 长 柄 武 器 步 兵、持 矛 骑 兵 和 骑 射 手 关 于 武 器 使 用 的 决 策 逻 辑 已 得 到 改 进。这 些 部 队 已 被 指 示 使 用 其 长 柄 武 器、长 矛 和 马 弓，除 非 他 们 被 敌 人 分 割 包 围。）^^部 队 分 队 还 可 组 成 协 同 紧 密 的 阵 型，提 升 其 作 为 单 位 的 战 斗 力，并 在 激 烈 战 斗 中 保 持 更 有 组 织 的 状 态。步 兵 被 允 许 拥 有 最 广 泛 的 分 队 类 型，可 组 成 战 斗 方 阵、三 线 阵 型（最 强 单 位 在 前 排）、三 线 盾 墙（最 坚 固 的 盾 牌 使 用 者 在 前）以 及 用 于 突 破 敌 方 阵 型 并 由 最 强 部 队 带 领 的 楔 形 阵。骑 兵 分 队 只 能 组 成 这 种 楔 形 阵，而 步 行 弓 箭 手 只 能 排 成 横 列 阵 型。（若 玩 家 在 模 组 选 项 中 允 许，敌 方 部 队 也 可 使 用 这 些 阵 型，无 论 是 使 用 原 生 AI还 是 完 全 重 制 的 阵 型 AI。）^^在 数 个 世 纪 的 战 争 过 程 中，指 挥 官 们 也 制 定 了 更 高 级 的 战 术 应 对 措 施 来 对 付 敌 人。这 些 攻 击 和 特 殊 命 令 对 于 敏 锐 的 指 挥 官 在 反 制 特 定 威 胁 或 施 加 自 身 战 术 优 势 时 非 常 有 用。例 如，可 指 示 远 程 部 队 进 行 游 击，通 过 奔 跑 直 至 重 新 建 立 足 够 距 离 来 避 免 与 敌 人 直 接 近 战 接 触。可 命 令 弓 箭 手 和 弩 手 进 行 齐 射 而 非 自 由 射 击，同 步 其 箭 矢 齐 射 以 有 效 延 缓 敌 军 的 推 进。长 柄 武 器 步 兵 的 一 个 有 用 战 术 是 将 其 长 矛 和 长 戟 柄 尾 抵 入 地 面 并 靠 住 脚 内 侧，准 备 迎 接 骑 兵 冲 锋。聪 明 的 骑 兵 指 挥 官 会 避 开 那 些 已 架 设 好 长 戟 准 备 迎 接 并 摧 毁 其 战 马 的 队 列。（若 玩 家 在 模 组 选 项 中 允 许，敌 方 部 队 也 可 使 用 这 些 高 级 的“特 殊”命 令。）^^除 了 增 加 控 制 分 队 如 何 行 动 以 发 挥 最 佳 效 果 的 能 力 外，指 挥 官 还 能 够 指 导 其 分 队 瞄 准 特 定 的 敌 分 队。例 如，骑 兵 可 以 反 制 骑 兵 冲 锋 或 消 灭 烦 人 的 弓 箭 手，而 重 步 兵 可 在 骑 兵 冲 锋 前 清 除 敌 人 的 长 柄 武 器 部 队。要 实 现 这 一 点，指 挥 官 应 利 用 其 战 场 旗 帜（按 住 F1键 出 现 的 旗 帜）并 将 其 放 置 在 敌 分 队 上；其 听 从 命 令 的 分 队 将 移 动 去 攻 击 指 定 目 标。^^若 指 挥 官 在 战 斗 中 倒 下，一 旦 其 人 身 安 全 得 到 确 保 以 便 战 后 恢 复，其 部 队 可 继 续 战 斗。指 挥 官 必 须（在 模 组 选 项 中）指 定 其 部 队 应 按 先 前 的 命 令 继 续 战 斗，还 是 发 起 冲 锋 以 试 图 阻 止 战 局 转 向 不 利，或 是 让 分 队 长 官 接 管 指 挥 并 根 据 其 自 身 判 断 来 指 挥 战 斗（战 斗 持 续 阵 型 AI仅 在 也 为 敌 方 AI团 队 激 活 时 才 可 用）。^^上 述 的 武 器 类 型 和 阵 型 命 令，以 及 一 些 更 高 级 的 战 术 机 动 或 攻 击 命 令，可 作 为 指 挥 官 战 前 计 划 的 一 部 分 进 行 规 划。^^对 于 聪 明 的 指 挥 官 来 说，战 术 思 考 并 不 止 于 战 场。其 不 仅 制 定 战 前 计 划，而 且 在 进 入 城 镇 和 村 庄 搜 集 补 给 时 也 会 谨 慎 行 事，带 上 亲 密 的 同 伴 作 为 护 卫。指 挥 官 可 带 的 护 卫 数 量 取 决 于 其 统 御 技 能 和 声 望。
