p_1164|Dummy first line
p_id_23|禅 达 
p_id_24|萨 图 沙 
p_id_25|卡 隆 德 · 卡 尔 
p_id_26|玛 丽 恩 堡 
p_id_27|特 兰 克 斯 
p_id_28|葛 罗 姆 峰 
p_id_29|穆 席 隆 
p_id_30|塔 兰 克 斯 拉 
p_id_31|卡 拉 克 · 卡 德 林 
p_id_32|永 恒 峰 
p_id_33|血 角 山 
p_id_34|卡 拉 克 · 号 角 堡 
p_id_35|米 拉 格 连 诺 
p_id_36|努 恩 
p_id_37|卡 拉 克 · 龙 崖 堡 
p_id_38|布 理 奥 涅 
p_id_39|克 拉 卡 隆 德 
p_id_40|钢 铁 岩 
p_id_41|魔 鼠 废 都 
p_id_42|喀 穆 里 
p_id_43|赞 迪 里 
p_id_44|卡 · 萨 拜 
p_id_45|玛 泰 克 
p_id_46|塔 拉 贝 海 姆 
p_id_47|阿 尔 道 夫 
p_id_48|米 登 海 姆 
p_id_49|塔 尔 · 伊 瑞 斯 
p_id_50|洛 瑟 恩 
p_id_51|塔 尔 · 安 列 克 
p_id_52|戈 斯 拉 尔 
p_id_53|哥 隆 尼 
p_id_54|瓦 纳 海 姆 
p_id_55|拉 新 科 
p_id_56|朽 毒 桩 
p_id_57|基 斯 里 夫 
p_id_58|阿 克 雷 夫 
p_id_59|纳 迦 隆 德 
p_id_60|普 拉 格 
p_id_61|巨 角 城 
p_id_62|渠 港 
p_id_63|滩 崎 
p_id_64|福 岛 
p_id_65|巨 拳 城 
p_id_66|颅 骨 营 地 
p_id_67|邓 肯 霍 夫 
p_id_68|瓦 登 霍 夫 
p_id_69|君 王 林 
p_id_70|阿 格 维 隆 
p_id_71|贝 查 芬 
p_id_72|大 奥 格 姆 
p_id_73|末 日 舰 
p_id_74|斯 兰 雾 佩 克 
p_id_75|伊 塔 扎 
p_id_76|赫 斯 欧 塔 
p_id_77|盐 沼 镇 
p_id_78|斯 特 罗 马 斯 特 德 
p_id_79|剑 刃 湾 
p_id_80|帕 拉 翁 
p_id_81|黑 爪 巢 
p_id_82|沃 查 兹 要 塞 
p_id_83|卢 西 尼 
p_id_84|瓦 瑞 诺 
p_id_85|扎 慧 特 克 
p_id_86|卡 拉 克 · 荒 芜 堡 
p_id_87|塞 森 蒙 德 
p_id_88|勒 · 安 古 朗 
p_id_89|阿 纳 海 姆 要 塞 
p_id_90|哈 尔 · 冈 西 
p_id_91|艾 维 海 姆 
p_id_92|塞 特 奎 
p_id_93|克 莱 特 堡 
p_id_94|沃 尔 芬 堡 
p_id_95|吉 索 莱 奥 
p_id_96|扭 曲 毒 牙 要 塞 
p_id_97|卡 拉 克 · 铜 山 堡 
p_id_98|卡 拉 克 · 铁 峰 堡 
p_id_99|瑞 克 禁 卫 堡 
p_id_100|蒙 特 福 特 
p_id_101|卡 拉 克 · 多 玛 尔 
p_id_102|地 狱 之 卵 
p_id_103|帕 花 克 斯 
p_id_104|查 佩 尤 托 
p_id_105|猪 齿 镇 
p_id_106|塔 拉 克 斯 兰 
p_id_107|奥 伯 斯 特 恩 要 塞 
p_id_108|卡 拉 克 · 多 玛 尔 
p_id_109|死 亡 谷 
p_id_110|激 流 关 
p_id_111|巴 拉 克 · 海 门 关 
p_id_112|巴 斯 托 涅 
p_id_113|龙 牙 堡 
p_id_114|黑 岩 堡 
p_id_115|艾 瑟 · 安 纳 尔 
p_id_116|霍 泰 克 之 柱 
p_id_117|恶 月 要 塞 
p_id_118|卡 拉 克 · 八 峰 山 
p_id_119|卡 拉 克 · 加 图 特 
p_id_120|纳 加 什 黑 色 金 字 塔 
p_id_121|努 玛 斯 
p_id_122|夸 塔 
p_id_123|艾 尔 · 萨 拜 要 塞 
p_id_124|科 普 尔 
p_id_125|卡 · 萨 拜 要 塞 
p_id_126|贝 尔 - 阿 里 德 
p_id_127|突 尼 斯 
p_id_128|博 戈 波 要 塞 
p_id_129|恩 巴 罗 斯 要 塞 
p_id_130|荷 斯 之 塔 
p_id_131|永 恒 女 皇 宫 庭 
p_id_132|塔 尔 · 艾 利 斯 
p_id_133|苏 德 霍 姆 堡 
p_id_134|哈 克 利 德 堡 
p_id_135|腐 烂 尖 峰 
p_id_136|污 秽 峰 
p_id_137|黑 要 塞 
p_id_138|沃 科 棱 斯 克 
p_id_139|厄 伦 格 勒 
p_id_140|厄 运 峡 谷 
p_id_141|巨 石 群 
p_id_142|怨 恨 之 牙 
p_id_143|横 谷 
p_id_144|宫 崎 
p_id_145|坂 谷 
p_id_146|山 科 
p_id_147|加 藤 
p_id_148|范 哈 尔 登 施 洛 斯  
p_id_149|坦 普 尔 霍 夫 
p_id_150|坦 芬 海 姆 
p_id_151|米 卡 多 夫 
p_id_152|邓 肯 霍 夫 堡 
p_id_153|瓦 尔 铁 砧 
p_id_154|凋 零 之 地 
p_id_155|永 恒 午 夜 林 地 
p_id_156|永 恒 树 林 之 塔 
p_id_157|失 落 林 地 
p_id_158|阿 娜 奎 斯 大 厅 
p_id_159|奎 那 利 斯 
p_id_160|卡 尔 卡 松 
p_id_161|阿 图 瓦 
p_id_162|坦 克 雷 德 堡 
p_id_163|西 萨 城 
p_id_164|赫 夫 风 根 
p_id_165|贝 尔 根 霍 特 
p_id_166|贝 萨 霍 夫 
p_id_167|布 拉 特 多 夫 
p_id_168|边 陲 城 
p_id_169|塞 勒 斯 莱 
p_id_170|风 暴 地 
p_id_171|索 绍 弗 恩 
p_id_172|夏 沃 德 
p_id_173|索 卡 维 克 
p_id_174|斯 塔 夫 加 德 
p_id_175|哥 特 兰 
p_id_176|斯 拉 格 霍 夫 要 塞 
p_id_177|斯 卡 博 约 格 
p_id_178|奥 斯 卓 斯 克 要 塞 
p_id_179|兹 威 勒 涅 夫 
p_id_180|风 暴 大 厅 
p_id_181|瘟 疫 之 风 
p_id_182|疫 病 氏 族 会 厅 
p_id_183|扭 曲 之 爪 
p_id_184|溃 烂 深 渊 
p_id_185|杀 戮 地 
p_id_186|残 忍 巢 穴 
p_id_187|溃 败 地 
p_id_188|暗 黑 圣 殿 
p_id_189|领 导 之 堡 
p_id_190|拉 诺 格 塔 楼 
p_id_191|阿 斯 罗 托 
p_id_192|奎 特 扎 
p_id_193|查 库 阿 
p_id_194|阿 斯 霍 托 
p_id_195|劫 掠 港 
p_id_196|流 亡 者 据 点 
p_id_197|新 米 拉 格 连 诺 
p_id_198|里 昂 内 斯 堡 
p_id_199|波 尔 德 罗 
p_id_200|哈 扎 里 
p_id_201|黑 眼 
p_id_202|德 尔 贝 兹 
p_id_203|特 斯 克 罗 
p_id_204|洛 克 雷 夫 
p_id_205|伦 根 费 尔 德 
p_id_206|达 · 霍 拉 兹 
p_id_207|托 尔 图 加 
p_id_208|莱 瑞 特 
p_id_209|卡 佩 里 
p_id_210|断 牙 
p_id_211|巴 革 曼 斯 
p_id_212|骷 髅 岩 
p_id_213|卡 兹 德 · 桑 杰 
p_id_214|忒 加 
p_id_215|高 顶 
p_id_216|勇 气 矿 山 
p_id_217|无 量 峰 
p_id_218|卡 拉 兹 · 流 金 山 
p_id_219|卡 扎 德 · 御 敌 寨 
p_id_220|卡 扎 德 · 护 铁 寨 
p_id_221|卡 兹 德 · 奥 丹 姆 
p_id_222|阿 朗 松 
p_id_223|托 平 
p_id_224|巫 婆 地 
p_id_225|波 尔 德 罗 
p_id_226|重 剑 庄 园 
p_id_227|钢 铁 之 爪 
p_id_228|伍 珀 塔 尔 
p_id_229|维 库 索 
p_id_230|索 赫 
p_id_231|诺 兹 废 墟 
p_id_232|预 言 之 塔 歌 隆 德 
p_id_233|拉 比 迪 斯 
p_id_234|米 登 斯 坦 格 
p_id_235|劳 博 
p_id_236|恶 毒 之 地 
p_id_237|卡 兹 德 · 哈 法 克 
p_id_238|德 莱 文 自 由 领 
p_id_239|马 特 尔 
p_id_240|夺 牙 部 落 
p_id_241|恶 臭 村 
p_id_242|锈 匕 部 落 
p_id_243|艾 休 特 拉 
p_id_244|乌 尔 比 莫 
p_id_245|上 蒙 特 
p_id_246|赫 克 波 恩 特 
p_id_247|韦 斯 布 鲁 克 
p_id_248|伊 克 里 矿 井 
p_id_249|卡 拉 兹 · 雷 鸣 山 
p_id_250|狂 暴 地 
p_id_251|尖 牙 岩 
p_id_252|贝 恩 洛 赫 
p_id_253|多 罗 格 
p_id_254|扭 曲 之 眼 
p_id_255|厄 运 地 
p_id_256|飞 龙 崖 
p_id_257|卡 佩 巴 德 
p_id_258|沃 登 
p_id_259|肖 拉 尼 
p_id_260|卡 罗 伯 格 
p_id_261|比 亚 达 萨 
p_id_262|克 罗 贝 克 
p_id_263|雷 讷 瑟 
p_id_264|阿 尔 西 恩 
p_id_265|雷 卡 丹 矿 山 
p_id_266|红 盾 村 
p_id_267|厄 尔 盖 
p_id_268|女 巫 之 门 
p_id_269|耶 雷 米 
p_id_270|提 西 兰 
p_id_271|海 德 克 
p_id_272|普 辛 
p_id_273|巨 碑 地 
p_id_274|卡 拉 兹 · 重 击 山 
p_id_275|拉 波 拉 
p_id_276|奥 伯 海 姆 
p_id_277|香 博 内 
p_id_278|拉 文 施 泰 因 
p_id_279|卡 拉 焦 
p_id_280|盖 安 谷 
p_id_281|修 拉 尼 
p_id_282|马 瑟 霍 夫 
p_id_283|暗 黑 林 地 
p_id_284|卡 兹 德 · 根 塔 兹 
p_id_285|夺 颅 者 村 
p_id_286|探 路 者 矿 山 
p_id_287|疤 眼 村 
p_id_288|奇 科 塔 
p_id_289|沼 泽 洞 
p_id_290|艾 茵 
p_id_291|穆 尔 祖 格 
p_id_292|喀 琉 特 
p_id_293|马 兹 戈 
p_id_294|底 比 斯 
p_id_295|萨 菲 
p_id_296|斯 塔 辛 尔 
p_id_297|卡 诺 兹 之 顶 
p_id_298|亚 伯 尔 
p_id_299|戴 默 
p_id_300|陶 
p_id_301|绿 洲 
p_id_302|阿 基 戈 
p_id_303|海 哈 拉 
p_id_304|巴 比 德 斯 
p_id_305|阿 · 海 克 
p_id_306|马 哈 雷 克 
p_id_307|克 缇 
p_id_308|苏 埃 金 
p_id_309|贝 尔 · 阿 拉 丁 
p_id_310|艾 瑟 · 乌 瓦 伦 斯 
p_id_311|塔 瑟 伦 
p_id_312|阿 尔 · 伊 芙 琳 
p_id_313|阿 尔 · 宁 格 罗 
p_id_314|阿 苏 焉 祭 坛 
p_id_315|阿 尔 · 隆 德 
p_id_316|塔 玛 拉 
p_id_317|瓦 尔 铁 砧 
p_id_318|艾 瑟 · 吉 罗 
p_id_319|提 欧 纳 
p_id_320|嚎 叫 通 道 
p_id_321|卡 勒 万 维 克 
p_id_322|比 尔 卡 
p_id_323|斯 克 姆 
p_id_324|阿 尔 维 克 
p_id_325|席 欧 若 特 
p_id_326|伊 斯 瓦 德 
p_id_327|斯 卡 拉 霍 特 
p_id_328|托 罗 伯 
p_id_329|害 虫 洞 
p_id_330|黑 坑 
p_id_331|虫 群 之 巢 
p_id_332|痛 苦 之 地 
p_id_333|划 痕 之 柱 
p_id_334|洞 穴 上 层 
p_id_335|洞 穴 下 层 
p_id_336|怨 恨 之 地 
p_id_337|无 底 深 渊 
p_id_338|沃 洛 格 达 
p_id_339|奥 斯 罗 迪 
p_id_340|德 高 夫 
p_id_341|斯 卡 拉 菲 尔 
p_id_342|霍 姆 施 泰 因 
p_id_343|暗 影 之 门 
p_id_344|狼 蛛 村 
p_id_345|斯 拉 派 勒 斯 
p_id_346|艾 芳 
p_id_347|凤 凰 领 
p_id_348|北 部 守 望 
p_id_349|海 格 · 格 雷 夫 
p_id_350|寒 水 地 
p_id_351|波 尔 卡 格 勒 
p_id_352|穆 斯 特 
p_id_353|西 普 茨 基 
p_id_354|韦 利 斯 克 
p_id_355|彼 得 格 勒 
p_id_356|塔 戈 斯 
p_id_357|穆 戈 尔 
p_id_358|诺 斯 戈 尔 
p_id_359|刺 爪 村 
p_id_360|毛 角 村 
p_id_361|血 蹄 村 
p_id_362|森 户 
p_id_363|池 岛 
p_id_364|大 崎 
p_id_365|白 丽 
p_id_366|多 美 
p_id_367|秀 哉 
p_id_368|原 宿 
p_id_369|会 寒 
p_id_370|茂 县 
p_id_371|亚 卯 座 
p_id_372|飞 岛 
p_id_373|岐 阜 
p_id_374|小 浜 
p_id_375|尾 能 見 
p_id_376|屁 精 通 道 
p_id_377|野 猪 通 道 
p_id_378|刺 肠 村 
p_id_379|羊 肠 尖 峰 
p_id_380|新 月 村 
p_id_381|雷 加 科 夫 
p_id_382|法 夫 巴 赫 
p_id_383|夜 港 
p_id_384|霍 登 哈 姆 
p_id_385|蒂 尔 瑙 
p_id_386|埃 格 灵 
p_id_387|瑙 博 努 姆 
p_id_388|埃 希 古 特 
p_id_389|严 酷 旷 野 
p_id_390|安 魂 地 
p_id_391|咆 哮 墓 穴 
p_id_392|塔 ·  库 兰 
p_id_393|塔 ·  以 太 · 艾 尔 
p_id_394|德 鲁 杉 多 之 门 
p_id_395|德 里 安 德 拉 
p_id_396|战 舞 宴 厅 
p_id_397|塔 ·  希 瓦 赫 
p_id_398|塔 ·  多 瓦 尔 
p_id_399|科 斯 · 玛 拉 
p_id_400|塔 ·  德 拉 查 
p_id_401|塔 ·  斯 托 诺 斯 
p_id_402|塔 ·  恩 达 · 瓦 里 安 
p_id_403|塔 ·  布 兰 达 
p_id_404|佩 拉 什 
p_id_405|拉 吉 耶 
p_id_406|维 桑 
p_id_407|兰 德 尔 古 墓 
p_id_408|梦 想 之 路 
p_id_409|穆 肯 霍 夫 
p_id_410|卢 根 巴 特 尔 
p_id_411|葛 多 文 
p_id_412|埃 尔 宾 
p_id_413|费 齐 巴 尔 
p_id_414|兰 斯 肯 
p_id_415|科 尔 察 
p_id_416|霍 亨 斯 勒 本 
p_id_417|冬 葬 地 
p_id_418|衰 变 洞 穴 
p_id_419|不 洁 遗 址 
p_id_420|欧 斯 
p_id_421|瓦 尔 夫 
p_id_422|霍 姆 科 萨 
p_id_423|伍 芬 维 尔 
p_id_424|莫 斯 特 尔 
p_id_425|达 津 
p_id_426|高 拉 尔 
p_id_427|拉 壬 
p_id_428|斯 威 德 拉 
p_id_429|害 鼠 尖 叫 
p_id_430|扭 曲 之 火 
p_id_431|黑 巢 
p_id_432|恶 臭 之 地 
p_id_433|征 服 之 地 
p_id_434|迷 宫 
p_id_435|聚 集 地 
p_id_436|愤 怒 大 厅 
p_id_437|夹 板 村 
p_id_438|沼 泽 
p_id_439|奥 格 · 高 格 之 柱 
p_id_440|大 霍 格 
p_id_441|昔 者 熔 炉 
p_id_442|大 沼 泽 
p_id_443|奥 登 利 兹 
p_id_444|特 林 坎 神 庙 
p_id_445|时 间 之 井 
p_id_446|乔 台 克 金 尖 塔 
p_id_447|血 沼 
p_id_448|华 纳 比 克 废 墟 
p_id_449|圣 洁 大 厅 
p_id_450|祖 母 绿 潭 
p_id_451|瓜 克 摩 环 形 山 
p_id_452|图 拉 夸 葬 祭 殿 
p_id_453|闪 电 之 塔 
p_id_454|泰 波 克 镜 池 
p_id_455|破 晓 神 塔 
p_id_456|黄 金 之 墓 
p_id_457|黑 心 避 难 港 
p_id_458|巨 龙 滩 
p_id_459|歉 收 地 
p_id_460|横 财 港 
p_id_461|宽 面 村 
p_id_462|冠 冕 村 
p_id_463|黄 金 巨 石 
p_id_464|赫 拉 克 塔 
p_id_465|巨 魔 洞 穴 
p_id_466|猩 红 收 割 祭 坛 
p_id_467|哈 塔 姆 巨 石 
p_id_468|斯 梅 格 大 厅 
p_id_469|迪 阿 松 
p_id_470|格 拉 纳 德 
p_id_471|盐 矿 
p_id_472|四 方 客 栈 
p_id_473|测 试 场 景 
p_id_474|战 场 
p_id_475|多 拉 克 要 塞 
p_id_476|训 练 场 
p_id_477|训 练 场 
p_id_478|训 练 场 
p_id_479|训 练 场 
p_id_480|训 练 场 
p_id_499|掠 夺 者
p_id_500|黑 火 地 下 城 
p_id_501|加 维 霍 姆 地 下 城 
p_id_502|眼 镜 蛇 关 地 下 城 
p_id_503|昆 泰 克 斯 地 下 城 
p_id_504|苍 白 姐 妹 地 下 城 
p_id_505|北 刺 地 下 城 
p_id_506|普 莱 斯 克 地 下 城 
p_id_507|黑 暗 沼 泽 地 下 城 
p_id_508|卡 瓦 罗 克 地 下 城 
p_id_509|萨 拉 古 兹 地 下 城 
p_id_510|苏 苏 里 奥 地 下 城 
p_id_511|龙 脊 地 下 城 
p_id_512|焰 山 地 下 城 
p_id_513|玛 拉 克 地 下 城 
p_id_514|艾 里 昂 地 下 城 
p_id_515|查 库 阿 地 下 城 
p_id_516|赫 斯 欧 塔 地 下 城 
p_id_517|坎 戈 斯 洋 地 下 城 
p_id_518|冰 霜 地 下 城 
p_id_519|亡 灵 藏 身 处 
p_id_520|乔 克 塔 地 精 营 地 
p_id_521|海 盗 营 地 
p_id_522|萨 尔 卡 地 精 营 地 
p_id_523|混 沌 矮 人 营 地 
p_id_524|沙 漠 掠 夺 者 营 地 
p_id_525|亚 马 逊 荒 野 
p_id_526|猎 人 荒 野 
p_id_527|沙 漠 强 盗 营 地 
p_id_528|森 林 哥 布 林 军 营 
p_id_529|海 盗 湾 
p_id_530|混 沌 矮 人 营 地 
p_id_531|阿 拉 波 地 精 营 地 
p_id_532|巨 魔 巢 穴 
p_id_533|野 兽 人 部 落 
p_id_534|忍 者 藏 身 处 
p_id_535|托 特 纳 地 精 营 地 
p_id_536|亚 马 逊 猎 人 营 地 
p_id_537|忍 者 巢 穴 
p_id_538|部 队 1
p_id_539|部 队 7
p_id_540|部 队 2
p_id_541|部 队 3
p_id_542|部 队 8
p_id_543|部 队 4
p_id_544|部 队 9
p_id_545|部 队 5
p_id_546|部 队 6
p_id_547|部 队 10
p_id_548|海 洋
p_id_549|海 洋 二
p_id_550|海 洋 三
p_id_551|特 殊 佣 兵 队 1
p_id_552|特 殊 佣 兵 队 2
p_id_553|特 殊 佣 兵 队 3
p_id_554|特 殊 佣 兵 队 4
p_id_555|特 殊 佣 兵 队 5
p_id_556|特 殊 佣 兵 队 6
p_id_557|特 殊 佣 兵 队 7
p_id_558|特 殊 佣 兵 队 8
p_id_559|特 殊 佣 兵 队 9
p_id_560|特 殊 佣 兵 队 10
p_id_561|特 殊 佣 兵 队 11
p_id_562|特 殊 佣 兵 队 12
p_id_563|特 殊 佣 兵 队 13
p_id_564|特 殊 佣 兵 队 14
p_id_565|特 殊 佣 兵 队 15
p_id_566|特 殊 佣 兵 队 16
p_id_567|特 殊 佣 兵 队 17
p_id_568|特 殊 佣 兵 队 18
p_id_569|特 殊 佣 兵 队 19
p_id_570|任 务 1
p_id_571|任 务 2
p_id_572| 
p_id_573|死 眼 群 岛 
p_id_574|登 陆 点 
